idrecibo,numsituarecib_cb,cobrador
REC001,3,ag1
REC001,6,ag2
REC001,9,ag3
REC002,1,ag2
REC002,3,ag1
REC002,6,ag2
REC002,8,ag2
REC003,4,ag1
REC003,8,ag2
REC004,3,ag3
REC004,6,ag2
REC004,9,ag1
REC005,2,ag1
REC005,5,ag2
REC005,7,ag3
REC005,10,ag1
REC006,1,ag1
REC006,4,ag2
REC006,7,ag1
REC006,10,ag3
REC007,3,ag2
REC007,6,ag1
REC007,9,ag3
REC008,4,ag1
REC008,6,ag2
REC008,9,ag1
REC009,3,ag3
REC009,6,ag2
REC009,10,ag1
REC010,1,ag2
REC010,3,ag1
REC010,6,ag2
REC010,9,ag3
REC011,3,ag1
REC011,6,ag2
REC011,8,ag1
REC012,3,ag2
REC012,6,ag3
REC012,9,ag1
REC013,3,ag1
REC013,6,ag2
REC013,9,ag3
REC014,1,ag3
REC014,3,ag1
REC014,6,ag2
REC014,9,ag3
REC015,3,ag1
REC015,6,ag2
REC015,9,ag3
REC016,3,ag2