id_recibo,numsituarecib,motivo,cobrador,timestamp
REC-0003,17,CB,ag2,2026-09-21T16:52:32.346927+00:00
REC-0013,17,CB,ag3,2026-09-21T16:52:32.348268+00:00
REC-0003,6,PB,ag3,2026-09-21T16:52:32.348303+00:00
REC-0007,12,DB,ci,2026-09-21T16:52:32.348321+00:00
REC-0012,17,DB,ag1,2026-09-21T16:52:32.348330+00:00
REC-0003,3,CB,ag2,2026-09-21T16:52:32.348339+00:00
REC-0002,11,PA,ci,2026-09-21T16:52:32.348347+00:00
REC-0014,13,PB,ag2,2026-09-21T16:52:32.348354+00:00
REC-0002,4,PA,ag2,2026-09-21T16:52:32.348360+00:00
REC-0009,20,PB,ag2,2026-09-21T16:52:32.348367+00:00
REC-0020,4,PB,ag3,2026-09-21T16:52:32.348373+00:00
REC-0016,12,PA,ag1,2026-09-21T16:52:32.348559+00:00
REC-0020,12,DB,ag3,2026-09-21T16:52:32.348576+00:00
REC-0003,16,PB,ag1,2026-09-21T16:52:32.348584+00:00
REC-0004,8,CB,ag1,2026-09-21T16:52:32.348591+00:00
REC-0018,18,PA,ag3,2026-09-21T16:52:32.348597+00:00
REC-0016,20,PB,ci,2026-09-21T16:52:32.348608+00:00
REC-0003,16,PB,ag3,2026-09-21T16:52:32.348614+00:00
REC-0001,13,DB,ci,2026-09-21T16:52:32.348748+00:00
REC-0020,11,CB,ag1,2026-09-21T16:52:32.348758+00:00
REC-0014,18,DB,ag2,2026-09-21T16:52:32.348766+00:00
REC-0003,11,PA,ci,2026-09-21T16:52:32.348772+00:00
REC-0015,17,PA,ag1,2026-09-21T16:52:32.348779+00:00
REC-0018,11,PB,ci,2026-09-21T16:52:32.348785+00:00
REC-0013,17,PA,ag3,2026-09-21T16:52:32.348791+00:00
REC-0013,8,CB,ag3,2026-09-21T16:52:32.348798+00:00
REC-0008,4,CB,ag3,2026-09-21T16:52:32.348804+00:00
REC-0017,11,DB,ci,2026-09-21T16:52:32.348813+00:00
REC-0005,19,PB,ci,2026-09-21T16:52:32.348825+00:00
REC-0009,8,CB,ci,2026-09-21T16:52:32.348832+00:00
REC-0010,9,CB,ag1,2026-09-21T16:52:32.348839+00:00
REC-0003,2,DB,ag3,2026-09-21T16:52:32.348846+00:00
REC-0019,9,DB,ci,2026-09-21T16:52:32.348903+00:00
REC-0001,7,CB,ag2,2026-09-21T16:52:32.348913+00:00
REC-0018,2,PB,ci,2026-09-21T16:52:32.348918+00:00
REC-0010,13,PB,ag3,2026-09-21T16:52:32.348922+00:00
REC-0017,1,DB,ag3,2026-09-21T16:52:32.348926+00:00
REC-0008,19,CB,ci,2026-09-21T16:52:32.348930+00:00
REC-0011,14,PB,ag1,2026-09-21T16:52:32.348935+00:00
REC-0005,16,DB,ag3,2026-09-21T16:52:32.348939+00:00
REC-0010,9,CB,ag1,2026-09-21T16:52:32.348943+00:00
REC-0019,16,PA,ag2,2026-09-21T16:52:32.348947+00:00
REC-0017,10,CB,ag1,2026-09-21T16:52:32.348952+00:00
REC-0014,2,PA,ci,2026-09-21T16:52:32.348962+00:00
REC-0006,8,PB,ag1,2026-09-21T16:52:32.348966+00:00
REC-0009,1,DB,ci,2026-09-21T16:52:32.348970+00:00
REC-0004,18,CB,ag1,2026-09-21T16:52:32.348975+00:00
REC-0007,20,PA,ag3,2026-09-21T16:52:32.348979+00:00
REC-0011,12,PA,ci,2026-09-21T16:52:32.348983+00:00
REC-0015,4,CB,ag2,2026-09-21T16:52:32.348988+00:00
REC-0015,4,PB,ag2,2026-09-21T16:52:32.348992+00:00
REC-0013,2,PB,ag1,2026-09-21T16:52:32.348996+00:00
REC-0006,2,PA,ag1,2026-09-21T16:52:32.349000+00:00
REC-0008,9,PB,ag1,2026-09-21T16:52:32.349004+00:00
REC-0019,17,PB,ag2,2026-09-21T16:52:32.349008+00:00
REC-0007,6,CB,ag1,2026-09-21T16:52:32.349012+00:00
REC-0001,17,PA,ci,2026-09-21T16:52:32.349019+00:00
REC-0019,17,PB,ci,2026-09-21T16:52:32.349023+00:00
REC-0002,14,DB,ci,2026-09-21T16:52:32.349028+00:00
REC-0001,15,DB,ag1,2026-09-21T16:52:32.349032+00:00
REC-0014,19,DB,ag2,2026-09-21T16:52:32.349036+00:00
REC-0018,8,PB,ag3,2026-09-21T16:52:32.349040+00:00
REC-0002,12,CB,ci,2026-09-21T16:52:32.349044+00:00
REC-0001,15,PB,ag3,2026-09-21T16:52:32.349048+00:00
REC-0004,19,PA,ag2,2026-09-21T16:52:32.349052+00:00
REC-0007,4,PA,ag1,2026-09-21T16:52:32.349056+00:00
REC-0004,15,PB,ag3,2026-09-21T16:52:32.349060+00:00
REC-0013,10,PB,ag3,2026-09-21T16:52:32.349064+00:00
REC-0016,19,PB,ci,2026-09-21T16:52:32.349069+00:00
REC-0020,16,DB,ag1,2026-09-21T16:52:32.349073+00:00
REC-0009,14,PA,ag1,2026-09-21T16:52:32.349077+00:00
REC-0008,18,PB,ag2,2026-09-21T16:52:32.349081+00:00
REC-0010,18,DB,ag2,2026-09-21T16:52:32.349085+00:00
REC-0011,12,PA,ag1,2026-09-21T16:52:32.349088+00:00
REC-0019,10,DB,ci,2026-09-21T16:52:32.349092+00:00
REC-0016,2,CB,ag2,2026-09-21T16:52:32.349096+00:00
REC-0014,19,PA,ag3,2026-09-21T16:52:32.349100+00:00
REC-0005,15,DB,ag2,2026-09-21T16:52:32.349103+00:00
REC-0006,18,PA,ag1,2026-09-21T16:52:32.349107+00:00
REC-0017,16,PA,ag2,2026-09-21T16:52:32.349111+00:00
REC-0007,20,DB,ci,2026-09-21T16:52:32.349114+00:00
REC-0014,3,DB,ag1,2026-09-21T16:52:32.349119+00:00
REC-0019,17,CB,ci,2026-09-21T16:52:32.349123+00:00
REC-0013,11,PA,ag2,2026-09-21T16:52:32.349127+00:00
REC-0005,3,DB,ag1,2026-09-21T16:52:32.349131+00:00
REC-0007,4,PB,ag1,2026-09-21T16:52:32.349135+00:00
REC-0010,2,DB,ag1,2026-09-21T16:52:32.349138+00:00
REC-0014,10,PA,ag1,2026-09-21T16:52:32.349142+00:00
REC-0003,6,DB,ag2,2026-09-21T16:52:32.349146+00:00
REC-0013,20,CB,ag3,2026-09-21T16:52:32.349150+00:00
REC-0017,7,PB,ag3,2026-09-21T16:52:32.349153+00:00
REC-0012,7,PB,ag2,2026-09-21T16:52:32.349157+00:00
REC-0020,5,DB,ag1,2026-09-21T16:52:32.349161+00:00
REC-0003,11,DB,ag1,2026-09-21T16:52:32.349166+00:00
REC-0017,3,PA,ci,2026-09-21T16:52:32.349170+00:00
REC-0001,14,DB,ag1,2026-09-21T16:52:32.349174+00:00
REC-0019,8,PA,ag1,2026-09-21T16:52:32.349178+00:00
REC-0019,2,DB,ag3,2026-09-21T16:52:32.349181+00:00
REC-0012,10,CB,ag3,2026-09-21T16:52:32.349185+00:00
REC-0004,2,PA,ag1,2026-09-21T16:52:32.349189+00:00
REC-0009,8,DB,ci,2026-09-21T17:00:47.343513+00:00
REC-0006,18,CB,ag1,2026-09-21T17:00:47.343573+00:00
REC-0012,2,PB,ag3,2026-09-21T17:00:47.343586+00:00
REC-0011,4,PA,ag2,2026-09-21T17:00:47.343594+00:00
REC-0013,3,PB,ag2,2026-09-21T17:00:47.343650+00:00
REC-0018,20,DB,ag3,2026-09-21T17:00:47.343661+00:00
REC-0011,1,PA,ag1,2026-09-21T17:00:47.343667+00:00
REC-0010,8,CB,ci,2026-09-21T17:00:47.343672+00:00
REC-0014,1,PA,ci,2026-09-21T17:00:47.343676+00:00
REC-0014,20,PB,ci,2026-09-21T17:00:47.343680+00:00
REC-0007,2,DB,ag3,2026-09-21T17:00:47.343684+00:00
REC-0004,1,PA,ag2,2026-09-21T17:00:47.343688+00:00
REC-0008,10,CB,ci,2026-09-21T17:00:47.343692+00:00
REC-0018,18,DB,ag2,2026-09-21T17:00:47.343696+00:00
REC-0012,14,DB,ag2,2026-09-21T17:00:47.343700+00:00
REC-0008,18,CB,ag1,2026-09-21T17:00:47.343704+00:00
REC-0002,17,PB,ag2,2026-09-21T17:00:47.343708+00:00
REC-0003,19,PB,ci,2026-09-21T17:00:47.343712+00:00
REC-0013,4,PB,ag1,2026-09-21T17:00:47.343718+00:00
REC-0019,7,DB,ag2,2026-09-21T17:00:47.343722+00:00
REC-0002,4,DB,ag2,2026-09-21T17:00:47.343726+00:00
REC-0005,6,PB,ag1,2026-09-21T17:00:47.343729+00:00
REC-0020,4,DB,ag2,2026-09-21T17:00:47.343734+00:00
REC-0011,1,DB,ag2,2026-09-21T17:00:47.343738+00:00
REC-0011,12,PA,ag1,2026-09-21T17:00:47.343741+00:00
REC-0020,3,DB,ag3,2026-09-21T17:00:47.343745+00:00
REC-0011,6,PB,ag2,2026-09-21T17:00:47.343749+00:00
REC-0018,6,PA,ag1,2026-09-21T17:00:47.343753+00:00
REC-0008,9,CB,ag3,2026-09-21T17:00:47.343757+00:00
REC-0004,16,PB,ag1,2026-09-21T17:00:47.343761+00:00
REC-0016,6,PB,ag2,2026-09-21T17:00:47.343766+00:00
REC-0015,14,PA,ag1,2026-09-21T17:00:47.343769+00:00
REC-0008,17,PA,ci,2026-09-21T17:00:47.343773+00:00
REC-0001,9,CB,ci,2026-09-21T17:00:47.343777+00:00
REC-0010,2,DB,ag3,2026-09-21T17:00:47.343781+00:00
REC-0015,9,DB,ci,2026-09-21T17:00:47.343784+00:00
REC-0012,2,PA,ag1,2026-09-21T17:00:47.343788+00:00
REC-0005,4,CB,ag1,2026-09-21T17:00:47.343792+00:00
REC-0010,5,CB,ag2,2026-09-21T17:00:47.343796+00:00
REC-0001,3,DB,ag1,2026-09-21T17:00:47.343799+00:00
REC-0004,4,PB,ag2,2026-09-21T17:00:47.343803+00:00
REC-0002,11,DB,ag1,2026-09-21T17:00:47.343808+00:00
REC-0005,8,PA,ag2,2026-09-21T17:00:47.343812+00:00
REC-0008,18,PA,ag2,2026-09-21T17:00:47.343817+00:00
REC-0012,1,CB,ag3,2026-09-21T17:00:47.343821+00:00
REC-0008,14,PA,ag2,2026-09-21T17:00:47.343824+00:00
REC-0006,11,PB,ci,2026-09-21T17:00:47.343828+00:00
REC-0019,15,PB,ag2,2026-09-21T17:00:47.343832+00:00
REC-0014,2,DB,ag1,2026-09-21T17:00:47.343835+00:00
REC-0006,20,PA,ag2,2026-09-21T17:00:47.343839+00:00
REC-0006,19,PA,ag1,2026-09-21T17:00:47.343842+00:00
REC-0020,2,DB,ag1,2026-09-21T17:00:47.343846+00:00
REC-0011,3,PB,ag3,2026-09-21T17:00:47.343850+00:00
REC-0013,17,PA,ag2,2026-09-21T17:00:47.343854+00:00
REC-0017,7,PA,ag2,2026-09-21T17:00:47.343858+00:00
REC-0013,11,DB,ci,2026-09-21T17:00:47.343862+00:00
REC-0007,7,PA,ag3,2026-09-21T17:00:47.343867+00:00
REC-0008,13,PB,ci,2026-09-21T17:00:47.343871+00:00
REC-0020,10,PB,ag1,2026-09-21T17:00:47.343875+00:00
REC-0003,10,CB,ag1,2026-09-21T17:00:47.343879+00:00
REC-0012,18,PA,ag2,2026-09-21T17:00:47.343882+00:00
REC-0004,7,CB,ci,2026-09-21T17:00:47.343886+00:00
REC-0012,2,CB,ag1,2026-09-21T17:00:47.343890+00:00
REC-0013,16,PB,ag2,2026-09-21T17:00:47.343894+00:00
REC-0004,11,DB,ag1,2026-09-21T17:00:47.343898+00:00
REC-0005,2,PB,ag3,2026-09-21T17:00:47.343901+00:00
REC-0013,11,DB,ag3,2026-09-21T17:00:47.343905+00:00
REC-0014,17,PB,ci,2026-09-21T17:00:47.343908+00:00
REC-0019,1,CB,ag2,2026-09-21T17:00:47.343921+00:00
REC-0005,6,DB,ci,2026-09-21T17:00:47.343925+00:00
REC-0006,14,DB,ag2,2026-09-21T17:00:47.343928+00:00
REC-0002,13,PB,ag1,2026-09-21T17:00:47.343932+00:00
REC-0018,12,DB,ag1,2026-09-21T17:00:47.343936+00:00
REC-0017,11,PA,ci,2026-09-21T17:00:47.343939+00:00
REC-0004,9,CB,ag3,2026-09-21T17:00:47.343943+00:00
REC-0013,3,CB,ag3,2026-09-21T17:00:47.343947+00:00
REC-0020,7,PB,ag3,2026-09-21T17:00:47.343951+00:00
REC-0020,10,PB,ag3,2026-09-21T17:00:47.343954+00:00
REC-0001,7,CB,ag2,2026-09-21T17:00:47.343958+00:00
REC-0012,6,CB,ag3,2026-09-21T17:00:47.343962+00:00
REC-0017,8,PA,ag2,2026-09-21T17:00:47.343967+00:00
REC-0005,14,CB,ci,2026-09-21T17:00:47.343971+00:00
REC-0019,15,PB,ag3,2026-09-21T17:00:47.343975+00:00
REC-0007,13,PB,ag2,2026-09-21T17:00:47.343978+00:00
REC-0012,7,PA,ag1,2026-09-21T17:00:47.343982+00:00
REC-0004,17,PB,ag1,2026-09-21T17:00:47.343986+00:00
REC-0013,6,PB,ci,2026-09-21T17:00:47.343990+00:00
REC-0013,5,PB,ci,2026-09-21T17:00:47.343993+00:00
REC-0009,13,PA,ag2,2026-09-21T17:00:47.343997+00:00
REC-0012,18,PA,ci,2026-09-21T17:00:47.344001+00:00
REC-0007,19,DB,ag2,2026-09-21T17:00:47.344005+00:00
REC-0008,2,PA,ci,2026-09-21T17:00:47.344009+00:00
REC-0007,1,CB,ag2,2026-09-21T17:00:47.344013+00:00
REC-0016,1,CB,ag1,2026-09-21T17:00:47.344017+00:00
REC-0017,15,PB,ci,2026-09-21T17:00:47.344021+00:00
REC-0002,9,DB,ag1,2026-09-21T17:00:47.344025+00:00
REC-0012,17,DB,ag3,2026-09-21T17:00:47.344028+00:00
REC-0001,9,PA,ag3,2026-09-21T17:00:47.344032+00:00
REC-0015,15,CB,ag1,2026-09-21T17:00:47.344080+00:00
REC-0019,18,DB,ag1,2026-09-21T17:00:47.344090+00:00
