idrecibo,numsituarecib,motivo,cobrador
REC001,1,DB,ag1
REC001,2,PB,ag2
REC001,3,CB,ag1
REC001,4,DB,ag3
REC001,5,PB,ci
REC001,6,CB,ag2
REC001,7,DB,ag1
REC001,8,PB,ag1
REC001,9,CB,ag3
REC001,10,PA,ci
REC002,1,CB,ag2
REC002,2,DB,ag1
REC002,3,CB,ag1
REC002,4,DB,ag2
REC002,5,PB,ag3
REC002,6,CB,ag2
REC002,7,PA,ag1
REC002,8,CB,ag2
REC002,9,DB,ag1
REC002,10,PB,ci
REC003,1,DB,ag1
REC003,2,PA,ag2
REC003,3,PB,ag1
REC003,4,CB,ag1
REC003,5,DB,ag2
REC003,6,PB,ag3
REC003,7,PA,ag3
REC003,8,CB,ag2
REC003,9,DB,ag1
REC003,10,PB,ci
REC004,1,DB,ag3
REC004,2,PB,ag1
REC004,3,CB,ag3
REC004,4,DB,ag2
REC004,5,PB,ag2
REC004,6,CB,ag2
REC004,7,DB,ag1
REC004,8,PB,ci
REC004,9,CB,ag1
REC004,10,PA,ag2
REC005,1,DB,ag1
REC005,2,CB,ag1
REC005,3,DB,ag2
REC005,4,PB,ag1
REC005,5,CB,ag2
REC005,6,DB,ag3
REC005,7,CB,ag3
REC005,8,DB,ag1
REC005,9,PB,ag2
REC005,10,CB,ag1
REC006,1,CB,ag1
REC006,2,DB,ag2
REC006,3,PB,ag2
REC006,4,CB,ag2
REC006,5,DB,ag1
REC006,6,PA,ag1
REC006,7,CB,ag1
REC006,8,DB,ag3
REC006,9,PB,ag1
REC006,10,CB,ag3
REC007,1,DB,ag2
REC007,2,PB,ci
REC007,3,CB,ag2
REC007,4,DB,ag1
REC007,5,PB,ag1
REC007,6,CB,ag1
REC007,7,DB,ag3
REC007,8,PB,ag2
REC007,9,CB,ag3
REC007,10,PA,ci
REC008,1,DB,ag1
REC008,2,PB,ag3
REC008,3,PA,ag2
REC008,4,CB,ag1
REC008,5,DB,ag2
REC008,6,CB,ag2
REC008,7,DB,ag1
REC008,8,PB,ag1
REC008,9,CB,ag1
REC008,10,PA,ci
REC009,1,DB,ag3
REC009,2,PB,ag1
REC009,3,CB,ag3
REC009,4,DB,ag2
REC009,5,PB,ag2
REC009,6,CB,ag2
REC009,7,DB,ag1
REC009,8,PA,ag3
REC009,9,PB,ci
REC009,10,CB,ag1
REC010,1,CB,ag2
REC010,2,DB,ag1
REC010,3,CB,ag1
REC010,4,DB,ag2
REC010,5,PA,ag1
REC010,6,CB,ag2
REC010,7,DB,ag3
REC010,8,PB,ag1
REC010,9,CB,ag3
REC010,10,PA,ci
REC011,1,DB,ag1
REC011,2,PB,ag2
REC011,3,CB,ag1
REC011,4,DB,ag2
REC011,5,PB,ag3
REC011,6,CB,ag2
REC011,7,DB,ag1
REC011,8,CB,ag1
REC011,9,PB,ci
REC011,10,PA,ag2
REC012,1,DB,ag2
REC012,2,PA,ag1
REC012,3,CB,ag2
REC012,4,DB,ag3
REC012,5,PB,ag1
REC012,6,CB,ag3
REC012,7,DB,ag1
REC012,8,PB,ag2
REC012,9,CB,ag1
REC012,10,PA,ci
REC013,1,DB,ag1
REC013,2,PB,ci
REC013,3,CB,ag1
REC013,4,DB,ag2
REC013,5,PB,ag1
REC013,6,CB,ag2
REC013,7,DB,ag3
REC013,8,PB,ag3
REC013,9,CB,ag3
REC013,10,PA,ag1
REC014,1,CB,ag3
REC014,2,DB,ag1
REC014,3,CB,ag1
REC014,4,DB,ag2
REC014,5,PB,ag2
REC014,6,CB,ag2
REC014,7,DB,ag3
REC014,8,PA,ag2
REC014,9,CB,ag3
REC014,10,PB,ci
REC015,1,DB,ag1
REC015,2,PB,ag1
REC015,3,CB,ag1
REC015,4,DB,ag2
REC015,5,PB,ag3
REC015,6,CB,ag2
REC015,7,DB,ag3
REC015,8,PB,ci
REC015,9,CB,ag3
REC015,10,PA,ci
REC016,1,DB,ag2
REC016,2,PA,ag3
REC016,3,CB,ag2
REC016,4,DB,ag1
REC016,5,PB,ag1
REC016,6,CB,ag1
REC016,7,DB,ag2
REC016,8,CB,ag2
REC016,9,PB,ag2
REC016,10,PA,ci
REC017,1,DB,ag1
REC017,2,PB,ag2
REC017,3,CB,ag1
REC017,4,DB,ag3
REC017,5,PB,ci
REC017,6,CB,ag3
REC017,7,DB,ag2
REC017,8,PB,ag1
REC017,9,CB,ag2
REC017,10,PA,ag1
REC018,1,CB,ag1
REC018,2,DB,ag2
REC018,3,CB,ag2
REC018,4,DB,ag1
REC018,5,PB,ag3
REC018,6,CB,ag1
REC018,7,DB,ag3
REC018,8,PA,ag1
REC018,9,CB,ag3
REC018,10,PB,ci
REC019,1,DB,ag2
REC019,2,PB,ag1
REC019,3,CB,ag2
REC019,4,DB,ag1
REC019,5,PB,ag2
REC019,6,CB,ag1
REC019,7,DB,ag3
REC019,8,PB,ci
REC019,9,CB,ag3
REC019,10,PA,ci
REC020,1,DB,ag1
REC020,2,CB,ag1
REC020,3,DB,ag2
REC020,4,PB,ag1
REC020,5,CB,ag2
REC020,6,DB,ag3
REC020,7,PA,ag2
REC020,8,CB,ag3
REC020,9,DB,ag1
REC020,10,PB,ag3